{
  "products": [
    {
      "name": "Subaru Forester 2.0",
      "price": "35.000",
      "description": "Tipo de combustible: Híbrido\nMotor: 2.0\nProducto con impacto positivo: Sí\nPuertas: 5\nSensor de parqueo: Sí\nTransmisión: Automática",
      "image": "https://idrobo.co/Alura/1.png",
      "id": "78ca"
    },
    {
      "name": "Mercedes-Benz",
      "price": "74.000",
      "description": "Color: Gris\nTipo de combustible: Híbrido\nMotor: 3.0\nVenpermuta: Sí\nProducto con impacto positivo: Sí\nPuertas: 5",
      "image": "https://idrobo.co/Alura/2.png",
      "id": "fd18"
    },
    {
      "id": "08c3",
      "name": "Audi Q3 2.0 40 Tfsi quattro",
      "price": "45.000",
      "description": "1 año de garantia directamente con AUDI\n2 revisiones por kilometraje gratuitas con AUDI\n5 Modos de manejos\nSensores de proximidad",
      "image": "https://idrobo.co/Alura/3.png"
    },
    {
      "id": "7843",
      "name": "BMW X1 2.0 F48 Sdrive 20i",
      "price": "48.000",
      "description": "Color: Blanco\nTipo de combustible: Gasolina\nMotor: 2.0\nVenpermuta: No\nPuertas: 5\nSensor de parqueo: Sí\nTransmisión: Automática\nCon precio negociable: Sí",
      "image": "https://idrobo.co/Alura/4.png"
    },
    {
      "name": "Toyota Prado 4.0 Tx-l Fl",
      "price": "60.000",
      "description": "Color: Blanco\nTipo de combustible: Gasolina\nMotor: 4.0\nVenpermuta: No\nPuertas: 5\nSensor de parqueo: Sí\nTransmisión: Automática\nnegociable: Sí",
      "image": "https://idrobo.co/Alura/5.png",
      "id": "c1fa"
    },
    {
      "name": "Porsche Macan 2.0 Lux",
      "price": "70.000",
      "description": "Color: Negro\nTipo de combustible: Gasolina\nMotor: 2000\nVenpermuta: No\nPuertas: 4\nSensor de parqueo: Sí\nTransmisión: Automática\nCon precio negociable: Sí",
      "image": "https://idrobo.co/Alura/6.png",
      "id": "8628"
    }
  ]
}